{"cameraMode":{"drawMode":0,"name":"Shaded","section":"Shading Mode"},"sceneLighting":false,"audioPlay":false,"sceneViewState":{"m_AlwaysRefresh":false,"showFog":true,"showSkybox":false,"showFlares":true,"showImageEffects":true,"showParticleSystems":true,"showVisualEffectGraphs":true,"m_FxEnabled":true},"in2DMode":false,"pivot":{"x":0.010666131973266602,"y":3.1367363929748537,"z":0.0051555633544921879},"rotation":{"x":0.09239081293344498,"y":-0.32966384291648867,"z":0.032436054199934009,"w":0.9390082359313965},"size":5.481642246246338,"orthographic":false}