{"cameraMode":{"drawMode":0,"name":"Shaded","section":"Shading Mode"},"sceneLighting":false,"audioPlay":false,"sceneViewState":{"m_AlwaysRefresh":false,"showFog":false,"showSkybox":false,"showFlares":false,"showImageEffects":false,"showParticleSystems":false,"showVisualEffectGraphs":true,"m_FxEnabled":true},"in2DMode":false,"pivot":{"x":-0.2277776002883911,"y":0.8634629249572754,"z":0.04983922839164734},"rotation":{"x":-0.004340056329965591,"y":-0.9943034648895264,"z":0.09684333205223084,"w":-0.04449702426791191},"size":0.8279563188552856,"orthographic":false}